,,2011 Census Population,,,,,,,Population Density,Household Composition,,Country of Birth,Tenure,,Dwelling type,House Prices,Adults in Employment,Lone Parents,Economic Activity,,Qualifications,,,,,,,,Health,,,,,,Car or van availability,,,,,,Public Transport Accessibility Levels (2014),,,Child Benefit,"Household Income, 2011/12"
,,Age Structure,,,,,,,Persons per hectare,% Lone parent household,% One person household,% Not United Kingdom,Social rented (%),Private rented (%),"Flat, maisonette or apartment (%)",Median Price (£),% of households with no adults in employment: With dependent children,Lone parent not in employment %,Employment Rate,Unemployment Rate,% No qualifications,% Highest level of qualification: Level 1 qualifications,% Highest level of qualification: Level 2 qualifications,% Highest level of qualification: Apprenticeship,% Highest level of qualification: Level 3 qualifications,% Highest level of qualification: Level 4 qualifications and above,% Highest level of qualification: Other qualifications,% Schoolchildren and full-time students: Age 18 and over,Day-to-day activities limited a lot (%),Day-to-day activities limited a little (%),Day-to-day activities not limited (%),Very good or Good health (%),Fair health (%),Bad or Very Bad health (%),No cars or vans in household (%),1 car or van in household (%),2 cars or vans in household (%),3 cars or vans in household (%),4 or more cars or vans in household (%),Cars per household,% 0-1 (poor access),% 2-3 (average access),% 4-6 (good access),Total Number of Families Claiming Benefit,Median Annual Household Income estimate (£)
Codes,Names,All Ages,0-15,16-29,30-44,45-64,65+,Working-age,,2011,2011,2011,2011,2011,2011,2011,2011,2011,2011,2011,2011,2011,2011,2011,2011,2011,2011,2011,2011,2011,2011,2011,2011,2011,2011,2011,2011,2011,2011,2011,,,,2013,
E01000027,Barking and Dagenham 001A,1709,468,318,351,340,232,1009,11.6,24.5,27.3,15.3,45.4,8.0,24.5,182500,13,54.8,56.4,11.3,34.6,18.0,14.7,2.4,9.1,14.3,6.9,4.9,9.9,9.2,80.9,78.2,15.6,6.3,34.5,42.6,19.2,2.8,0.9,0.9,69.2,30.8,0.0,295,27194
E01000028,Barking and Dagenham 001B,1549,416,320,324,269,220,913,107.7,24.8,32.2,30.4,52.3,13.4,51.5,150000,13,54.8,50.1,14.2,31.1,14.7,15.2,1.6,9.5,20.5,7.5,7.9,11.6,9.6,78.8,77.2,13.8,9.0,43.6,41.2,13.2,1.5,0.5,0.7,100.0,0.0,0.0,275,26306
E01000029,Barking and Dagenham 001C,1602,288,244,300,325,445,869,62.4,11.4,32.5,27.0,8.0,9.3,17.9,231000,4,42.2,58.0,7.4,33.3,12.7,12.4,3.5,9.4,20.7,7.9,4.0,12.2,12.1,75.7,73.8,18.7,7.5,27.0,49.4,19.4,3.3,0.9,1.0,87.1,12.9,0.0,165,36508
E01000030,Barking and Dagenham 001D,1915,579,395,413,324,204,1132,66.9,27.1,28.3,23.6,60.6,9.4,59.9,176500,17,61.2,53.6,14.1,30.2,17.4,14.1,1.8,10.0,17.4,9.0,5.2,8.6,9.3,82.1,78.7,14.6,6.7,44.9,41.6,11.2,2.1,0.3,0.7,63.6,36.4,0.0,390,25149
E01000031,Barking and Dagenham 002A,1617,353,290,332,411,231,1033,19.2,13.2,26.6,28.1,5.4,14.4,19.9,223750,6,52.9,60.6,8.1,19.6,16.5,16.6,2.2,10.4,24.9,9.7,4.4,8.0,9.3,82.7,80.6,14.4,4.9,25.6,44.0,22.6,6.5,1.3,1.1,28.2,71.8,0.0,230,40711
E01000032,Barking and Dagenham 002B,1629,352,329,352,364,232,1045,43.4,15.8,28.7,25.2,15.4,20.9,29.3,216000,7,52.2,59.9,10.0,26.0,16.3,16.4,1.9,11.4,19.2,8.8,5.6,8.8,8.0,83.2,79.2,14.2,6.6,29.6,47.9,17.4,3.8,1.3,1.0,46.6,52.3,1.1,220,34137
E01000110,Barking and Dagenham 002C,1416,295,269,299,358,195,926,72.8,14.0,18.4,23.9,2.6,14.4,11.4,212000,4,33.3,62.8,7.3,22.0,13.7,19.0,2.1,9.7,26.2,7.2,5.5,7.6,8.8,83.6,81.1,13.8,5.0,19.2,48.5,26.5,5.0,0.8,1.2,29.8,70.2,0.0,185,44667
E01000111,Barking and Dagenham 002D,1833,439,374,405,372,243,1151,61.8,17.1,30.7,25.5,30.1,16.9,48.1,174000,10,51.7,57.3,10.3,28.5,15.5,13.9,2.4,10.1,20.1,9.5,6.5,8.0,8.3,83.6,81.9,12.9,5.1,36.9,45.5,14.2,2.6,0.8,0.9,54.5,45.5,0.0,300,29434
E01000112,Barking and Dagenham 002E,1871,404,414,473,374,206,1261,67.4,16.5,28.8,33.2,7.6,30.7,46.3,185000,7,46.6,62.3,9.0,22.1,14.6,14.9,2.0,12.3,24.7,9.5,6.3,7.5,6.7,85.8,82.7,12.3,4.9,35.6,44.7,14.9,3.9,0.9,0.9,0.0,92.2,7.8,275,34638
E01000113,Barking and Dagenham 002F,1679,404,283,439,380,173,1102,109.1,14.7,26.7,33.2,4.4,29.9,26.8,204500,8,52.3,61.9,9.6,18.0,16.4,14.9,2.4,11.0,26.1,11.1,5.4,7.3,7.6,85.1,83.7,11.7,4.6,35.9,44.5,15.6,3.0,0.9,0.9,0.0,79.9,20.1,270,35963
E01000034,Barking and Dagenham 003A,1444,314,266,251,336,277,853,28.1,19.7,27.5,16.6,39.8,10.1,14.0,172500,9,46.5,56.9,8.7,38.5,15.0,15.5,2.1,7.5,14.8,6.5,4.8,14.5,10.4,75.1,73.1,17.5,9.4,31.1,48.4,16.2,3.1,1.2,1.0,100.0,0.0,0.0,205,31183
E01000037,Barking and Dagenham 003B,1688,264,453,297,456,218,1206,72.3,9.2,22.3,13.2,2.6,6.7,8.1,205000,3,35.7,64.3,12.8,22.5,17.8,19.2,3.9,13.4,18.5,4.6,4.6,6.6,8.0,85.4,84.2,11.3,4.5,14.5,45.9,28.5,8.8,2.2,1.4,85.4,14.6,0.0,190,44859
E01000038,Barking and Dagenham 003C,1447,290,261,239,387,270,887,67.6,12.1,27.2,14.0,13.5,8.9,11.8,205000,4,41.5,60.9,6.9,32.7,15.8,16.2,4.0,10.8,15.4,5.1,4.8,8.9,8.4,82.7,79.8,14.6,5.6,26.6,43.7,22.0,6.0,1.6,1.1,2.5,97.5,0.0,205,39776
E01000039,Barking and Dagenham 003D,1603,328,297,367,364,247,1028,10.5,15.0,28.1,14.1,11.2,13.2,18.6,192500,5,40.9,64.5,7.3,28.9,15.2,14.8,2.9,10.8,22.1,5.3,3.1,8.5,8.8,82.7,81.8,12.9,5.3,24.4,49.0,21.5,4.1,0.9,1.1,100.0,0.0,0.0,210,38303
E01000063,Barking and Dagenham 004A,1620,419,309,371,331,190,1011,89.4,19.5,29.1,19.0,33.4,10.7,8.5,163500,12,59.8,58.9,11.6,30.4,17.8,16.7,2.2,11.0,14.7,7.2,3.7,8.5,10.4,81.0,78.3,15.7,6.0,38.0,43.9,15.6,2.2,0.3,0.8,0.0,100.0,0.0,265,27758
E01000100,Barking and Dagenham 004B,1653,457,284,395,338,179,1017,78.2,20.0,25.2,22.5,33.7,12.2,9.6,160500,10,51.1,55.3,12.7,30.3,15.6,17.3,2.6,9.1,16.4,8.7,5.7,9.1,8.2,82.7,79.7,14.0,6.4,37.4,43.9,15.6,2.6,0.5,0.9,64.3,35.7,0.0,290,27895
E01000101,Barking and Dagenham 004C,1513,365,272,364,349,163,985,92.3,17.8,25.4,23.3,36.0,11.8,11.1,159500,10,56.3,57.6,8.7,32.2,16.6,13.7,2.2,8.9,18.3,8.1,5.1,10.6,8.8,80.6,78.3,12.6,9.2,37.0,45.1,14.3,3.0,0.5,0.8,11.3,88.7,0.0,295,27117
E01000109,Barking and Dagenham 004D,1686,418,337,384,372,175,1093,44.9,18.3,24.5,30.1,15.3,16.8,7.2,167500,8,51.3,59.6,10.0,25.3,17.0,16.2,2.4,10.9,19.0,9.1,6.5,6.6,6.8,86.7,83.2,12.2,4.6,29.4,46.4,19.7,3.8,0.7,1.0,64.1,35.9,0.0,260,33613
E01000114,Barking and Dagenham 004E,2090,541,390,481,439,239,1310,81.6,17.7,23.1,28.6,10.2,22.4,18.7,180000,8,44.3,59.6,6.5,27.2,14.1,17.3,3.0,11.1,19.0,8.3,5.1,7.3,8.2,84.5,82.7,12.2,5.2,29.0,44.3,20.4,5.1,1.1,1.1,47.9,52.1,0.0,340,33054
E01000033,Barking and Dagenham 006A,1361,363,269,284,290,155,843,93.7,20.8,29.6,20.4,52.0,5.8,33.3,172000,12,60.3,53.8,13.2,35.5,15.5,17.9,2.4,8.8,14.2,5.6,4.6,7.9,9.6,82.4,78.8,14.7,6.5,38.3,47.3,12.0,2.3,0.2,0.8,99.3,0.7,0.0,255,26046
E01000060,Barking and Dagenham 006B,1809,499,299,426,341,244,1066,32.9,19.4,37.1,24.4,46.1,9.1,41.2,158000,10,54.5,55.9,12.0,31.0,15.9,14.7,2.4,9.7,18.7,7.6,5.4,8.5,9.6,81.9,80.5,13.9,5.6,41.8,44.0,12.2,1.3,0.6,0.7,60.6,39.4,0.0,305,27475
E01000061,Barking and Dagenham 006C,1776,587,484,377,263,65,1124,29.1,34.4,28.7,25.6,84.9,3.7,95.3,116500,23,61.5,47.7,18.6,30.7,20.1,16.9,1.1,7.5,17.2,6.6,9.1,6.5,6.9,86.5,82.8,11.9,5.3,63.0,29.0,7.0,0.7,0.1,0.5,0.2,99.8,0.0,330,20982
E01000062,Barking and Dagenham 006D,1952,488,345,404,443,272,1192,88.2,18.3,30.2,26.6,33.5,11.8,16.8,163000,9,52.9,56.4,12.3,31.3,15.6,14.3,3.3,9.5,19.3,6.7,5.9,9.9,9.0,81.0,80.5,13.1,6.5,36.0,45.7,15.2,2.5,0.5,0.9,77.2,22.8,0.0,295,29488
E01000064,Barking and Dagenham 006E,1893,451,368,376,399,299,1143,90.7,20.7,27.9,23.3,29.5,16.5,25.2,142500,11,54.9,57.5,9.9,32.9,16.3,15.2,3.3,7.8,17.8,6.7,6.3,13.5,7.9,78.6,76.1,17.6,6.2,38.8,43.9,13.8,2.4,1.1,0.8,92.6,7.4,0.0,350,27803
E01000065,Barking and Dagenham 007A,1736,390,304,406,336,300,1046,74.3,15.4,41.5,25.3,46.1,15.2,33.3,158750,8,42.2,54.6,11.4,35.7,15.2,13.3,1.5,7.5,17.2,9.5,5.8,13.7,10.5,75.7,73.8,15.6,10.6,47.5,38.8,11.2,1.9,0.5,0.7,24.0,76.0,0.0,295,26906
E01000078,Barking and Dagenham 007B,1666,445,367,330,359,165,1056,94.8,23.9,28.7,22.8,39.4,14.5,15.6,155748,17,75.2,51.3,12.0,32.2,17.0,16.3,1.9,9.3,15.6,7.8,6.8,8.6,8.5,82.8,80.1,13.6,6.3,39.4,43.1,14.9,2.0,0.5,0.8,11.1,88.9,0.0,310,26060
E01000080,Barking and Dagenham 007C,1556,397,305,371,308,175,984,67.3,20.5,28.8,24.9,35.9,14.8,12.5,158750,10,51.1,55.1,13.3,31.9,15.9,17.6,1.8,8.4,15.8,8.6,5.5,10.7,9.2,80.1,78.3,13.4,8.3,39.9,44.9,12.0,1.9,1.3,0.8,22.5,77.5,0.0,280,27194
E01000081,Barking and Dagenham 007D,1688,418,317,353,412,188,1082,90.9,19.4,26.2,22.6,30.7,14.2,6.3,169000,11,55.2,57.2,8.8,32.4,16.1,18.5,2.5,8.3,15.2,6.9,5.7,8.9,8.5,82.5,80.3,13.1,6.6,31.3,49.4,16.5,2.3,0.5,0.9,58.3,41.7,0.0,285,28163
E01000082,Barking and Dagenham 007E,1683,452,304,426,340,161,1070,104.7,17.6,33.2,22.5,39.7,12.6,19.4,155000,10,50.6,55.6,10.5,29.7,17.4,17.4,2.0,10.9,15.2,7.4,5.4,8.9,8.9,82.2,80.9,13.2,5.9,36.6,46.9,14.0,1.6,0.9,0.8,63.5,36.5,0.0,290,28215
E01000083,Barking and Dagenham 007F,1700,457,316,408,323,196,1047,94.5,23.8,22.7,24.2,35.3,14.9,9.9,169000,13,55.0,56.0,10.6,31.9,15.4,16.7,1.9,9.8,16.2,8.0,4.4,10.2,8.7,81.1,78.9,13.9,7.2,37.5,46.7,12.2,3.0,0.5,0.8,4.4,95.6,0.0,275,27204
E01000102,Barking and Dagenham 007G,1540,383,266,368,326,197,960,60.9,19.0,29.4,22.8,39.7,11.2,14.2,160000,10,50.0,56.9,11.3,32.0,13.5,15.0,1.6,10.6,18.6,8.7,4.0,11.2,7.7,81.1,78.8,14.0,7.3,36.8,45.9,14.6,2.2,0.5,0.8,31.4,68.6,0.0,320,28575
E01000021,Barking and Dagenham 008A,1579,383,383,379,307,127,1069,93.3,20.2,31.9,33.1,27.5,28.2,26.5,160000,12,51.7,49.8,13.2,25.7,17.1,14.7,1.5,8.1,22.4,10.5,11.2,9.2,7.7,83.1,80.4,12.1,7.5,40.6,43.8,12.1,2.7,0.7,0.8,56.0,44.0,0.0,265,26285
E01000022,Barking and Dagenham 008B,1314,350,258,303,285,118,846,102.4,23.6,21.7,26.3,25.9,15.4,4.2,165000,14,53.2,56.5,10.2,27.9,15.2,17.0,2.8,9.8,18.4,8.9,7.2,8.6,8.1,83.3,79.7,13.8,6.5,34.2,45.6,16.0,4.0,0.2,0.9,10.0,90.0,0.0,245,30295
E01000023,Barking and Dagenham 008C,1112,231,260,306,204,111,770,53.7,13.4,39.8,37.6,27.2,25.8,63.1,179995,7,45.5,60.8,11.1,27.6,10.8,14.2,1.4,8.2,28.7,9.2,6.0,8.2,8.7,83.1,79.9,13.8,6.3,39.2,49.8,9.4,1.0,0.6,0.7,7.4,92.6,0.0,370,28842
E01000024,Barking and Dagenham 008D,1336,366,263,311,277,119,851,103.9,22.1,21.5,29.1,28.7,16.4,4.5,169500,10,49.3,55.7,9.2,28.8,17.4,14.2,2.2,9.4,17.9,10.1,6.2,9.0,7.0,84.1,81.5,11.9,6.6,32.7,46.3,16.9,2.2,2.0,1.0,0.0,100.0,0.0,210,28298
E01000025,Barking and Dagenham 008E,1609,391,317,369,367,165,1053,104.9,22.9,25.3,23.4,36.1,13.2,7.4,160500,11,51.4,57.7,10.7,32.5,14.5,16.4,1.6,9.5,16.1,9.4,5.6,9.8,7.5,82.7,79.3,13.1,7.6,35.5,47.5,13.7,3.0,0.3,0.9,5.7,94.3,0.0,295,28918
E01000077,Barking and Dagenham 008F,1445,341,272,378,303,151,953,83.1,22.1,26.6,26.2,36.1,16.4,13.0,167250,11,52.8,56.5,11.8,31.4,17.0,16.4,2.2,8.3,15.6,9.1,5.3,10.0,9.6,80.5,78.7,13.8,7.5,39.5,45.5,13.4,1.1,0.5,0.8,0.0,100.0,0.0,255,26789
E01000015,Barking and Dagenham 009A,2241,671,483,562,374,151,1419,79.9,26.0,23.3,27.8,32.2,24.6,29.3,150000,17,63.1,56.1,11.7,26.0,17.8,16.8,1.9,9.9,17.8,9.9,6.6,6.4,7.4,86.2,83.3,11.4,5.3,42.2,45.0,10.8,1.6,0.5,0.7,25.3,74.3,0.4,445,26807
E01000016,Barking and Dagenham 009B,1637,421,297,364,367,188,1028,82.3,18.5,28.1,19.9,36.1,14.2,7.5,159995,11,59.3,57.9,9.1,34.6,17.4,16.0,2.1,8.6,14.5,6.7,5.4,8.9,6.7,84.5,82.0,11.5,6.4,34.8,47.8,13.3,3.5,0.6,0.9,55.6,44.4,0.0,280,28484
E01000017,Barking and Dagenham 009C,1594,403,304,374,351,162,1029,100.6,18.6,29.2,25.9,39.2,12.0,12.6,167500,10,58.1,55.1,8.8,31.3,14.0,13.7,1.8,10.7,19.7,8.7,5.8,9.7,9.2,81.1,79.5,13.3,7.2,37.4,41.7,17.6,2.3,1.0,0.9,3.7,96.3,0.0,295,27591
E01000018,Barking and Dagenham 009D,1597,429,275,392,329,172,996,91.9,22.5,25.8,23.0,38.2,10.9,4.5,162000,13,65.0,57.1,10.4,32.0,16.4,16.7,1.9,8.7,16.9,7.4,5.7,9.1,7.6,83.3,80.4,13.3,6.3,36.8,45.4,14.5,2.1,1.1,0.9,26.5,72.4,1.1,315,28721
E01000079,Barking and Dagenham 009E,1546,411,278,315,327,215,920,49.9,19.2,31.9,22.8,37.3,13.5,12.0,146000,11,59.7,53.7,10.6,33.0,15.2,14.9,1.7,9.4,18.0,7.8,4.1,12.7,9.1,78.3,77.0,14.4,8.7,42.2,39.7,14.1,3.3,0.7,0.8,41.9,58.1,0.0,245,27333
E01000035,Barking and Dagenham 010A,1610,373,319,316,377,225,1012,40.5,16.9,26.6,26.1,19.2,16.8,32.4,180000,9,53.5,57.8,9.2,28.6,16.1,16.2,1.8,7.9,20.9,8.5,7.2,8.8,7.9,83.3,80.1,13.2,6.8,29.3,52.4,13.4,3.5,1.4,1.0,17.9,82.1,0.0,220,31571
E01000036,Barking and Dagenham 010B,1353,300,264,296,342,151,902,32.3,10.7,20.9,29.9,4.1,17.5,10.2,202500,5,51.7,63.0,6.3,25.5,16.4,15.2,2.5,10.0,22.8,7.7,6.3,5.3,8.2,86.5,84.4,12.3,3.3,25.4,48.2,19.4,6.4,0.6,1.1,0.0,100.0,0.0,210,36530
E01000107,Barking and Dagenham 010C,1666,385,282,319,398,282,999,31.1,17.5,21.8,21.4,14.6,14.0,18.5,175000,8,49.3,58.9,9.3,33.6,14.5,16.3,3.4,7.9,15.5,8.9,5.4,9.2,8.2,82.5,79.6,14.5,5.9,26.5,49.6,17.6,5.0,1.3,1.1,75.6,24.4,0.0,250,32732
E01000108,Barking and Dagenham 010D,1558,329,322,345,380,182,1047,64.4,16.3,29.9,25.0,11.2,27.5,35.3,190000,8,42.0,61.4,9.4,26.3,16.7,15.5,3.7,11.7,19.6,6.4,5.6,6.4,9.2,84.5,82.8,12.1,5.1,34.4,44.6,16.3,3.7,1.1,0.9,2.9,97.1,0.0,260,31641
E01000066,Barking and Dagenham 011A,1928,488,413,413,409,205,1235,78.7,13.5,30.5,31.3,28.0,11.3,33.6,259748,7,47.5,57.9,7.4,25.0,13.3,12.8,2.6,11.3,22.0,12.8,6.3,8.6,7.4,84.1,82.3,12.5,5.2,31.9,44.8,17.9,3.8,1.6,1.0,68.3,31.7,0.0,305,36951
E01000067,Barking and Dagenham 011B,1969,452,429,408,452,228,1289,102.3,13.0,25.3,30.3,19.0,12.5,32.2,250000,6,46.6,55.3,8.7,23.1,14.2,15.9,3.1,10.4,23.6,9.7,8.6,6.9,6.4,86.7,83.5,11.9,4.6,29.5,43.7,21.1,4.0,1.8,1.1,36.7,63.3,0.0,305,39939
E01000069,Barking and Dagenham 011C,1763,408,408,346,421,180,1175,87.9,9.6,16.0,27.2,1.2,11.3,4.4,298000,3,31.0,59.7,4.3,20.5,14.4,16.5,2.8,12.2,23.7,10.0,8.9,5.6,6.9,87.6,85.5,10.6,3.9,15.8,44.6,28.7,9.2,1.8,1.4,7.6,92.4,0.0,240,47264
E01000070,Barking and Dagenham 011D,1975,417,462,407,409,280,1278,50.4,8.5,17.9,34.2,6.0,14.5,15.9,250000,4,48.0,57.4,8.0,22.8,13.0,13.9,2.4,10.3,25.7,11.9,7.8,6.6,8.0,85.4,82.2,13.4,4.4,25.6,42.8,23.1,6.4,2.2,1.2,0.0,93.7,6.3,255,44258
E01000071,Barking and Dagenham 011E,2253,539,494,517,425,278,1436,83.3,11.0,28.3,37.5,14.4,21.5,27.6,249995,6,49.2,59.0,8.0,22.3,13.7,13.0,2.0,10.6,28.2,10.2,8.5,6.6,7.8,85.6,83.9,11.1,5.0,28.2,47.8,18.7,3.3,2.0,1.1,13.0,87.0,0.0,345,39056
E01000057,Barking and Dagenham 012A,1496,437,274,352,296,137,922,101.3,25.5,22.5,28.5,40.0,13.4,16.6,152500,14,54.9,56.9,9.4,26.8,16.4,14.5,2.6,8.9,21.2,9.4,6.8,8.1,7.3,84.6,81.3,12.8,5.9,37.6,49.0,10.8,2.2,0.4,0.8,6.2,93.8,0.0,265,28151
E01000073,Barking and Dagenham 012B,1619,437,286,401,308,187,995,56.9,19.9,27.9,24.3,31.1,16.3,8.0,155000,9,46.7,58.3,10.2,30.6,18.0,15.0,3.0,7.6,17.1,8.6,5.2,10.6,6.9,82.5,78.4,13.8,7.8,35.2,47.4,15.0,1.9,0.5,0.9,100.0,0.0,0.0,315,28149
E01000074,Barking and Dagenham 012C,1567,438,299,365,304,161,968,95.4,21.3,31.8,22.0,42.3,14.5,13.9,152000,10,52.9,57.6,9.4,29.3,17.4,16.0,2.4,9.8,16.7,8.4,6.4,9.1,8.8,82.1,79.3,14.2,6.5,40.4,43.6,13.2,2.5,0.3,0.8,60.1,39.9,0.0,305,27744
E01000075,Barking and Dagenham 012D,1732,432,312,378,396,214,1086,33.5,14.1,25.6,24.0,32.3,10.8,4.6,181500,8,55.0,54.4,9.2,31.8,16.5,16.7,2.5,8.8,15.4,8.4,5.0,9.7,8.9,81.4,79.4,12.9,7.7,32.2,46.5,16.9,3.7,0.8,0.9,0.0,100.0,0.0,275,28890
E01000076,Barking and Dagenham 012E,1988,605,341,467,396,179,1204,104.2,19.3,28.6,25.6,42.8,14.5,14.4,151000,13,53.7,54.7,11.0,36.2,13.7,15.7,2.2,7.6,16.1,8.5,5.5,7.7,8.6,83.8,79.0,15.0,5.9,39.4,41.0,15.5,3.5,0.6,0.8,57.5,42.5,0.0,325,26661
E01000013,Barking and Dagenham 013A,1660,415,311,359,359,216,1029,79.9,20.8,25.2,26.4,39.1,15.2,11.5,161000,11,59.6,56.5,10.1,33.5,14.1,15.6,1.4,9.2,16.9,9.2,5.9,10.8,8.5,80.7,79.6,11.2,9.2,43.4,43.4,10.9,1.8,0.5,0.7,0.6,81.6,17.8,290,27808
E01000014,Barking and Dagenham 013B,1656,403,348,361,355,189,1064,48.5,17.7,28.2,23.8,37.6,15.0,14.4,160000,11,57.3,57.4,11.4,31.4,17.6,15.4,1.8,8.8,14.3,10.8,5.0,8.6,9.6,81.8,80.1,13.5,6.3,35.9,47.5,13.0,3.0,0.6,0.9,19.0,81.0,0.0,290,27451
E01000059,Barking and Dagenham 013C,1582,410,274,360,354,184,988,75.9,23.4,26.5,21.3,38.8,12.3,5.3,150998,13,63.6,57.6,10.0,34.0,14.5,17.8,2.5,7.3,16.4,7.5,4.7,11.5,8.9,79.6,79.1,14.3,6.6,35.8,43.4,16.8,3.1,0.9,0.9,44.1,55.9,0.0,265,27976
E01000084,Barking and Dagenham 013D,1355,365,247,322,289,132,858,90.3,20.1,26.7,23.8,41.4,16.6,8.8,151000,10,55.4,58.0,9.8,31.3,16.9,14.9,1.5,9.5,17.4,8.5,5.6,8.7,8.4,82.9,80.4,13.5,6.1,42.2,43.5,12.8,1.5,0.0,0.7,0.0,88.2,11.8,240,27432
E01000085,Barking and Dagenham 013E,1718,480,341,351,373,173,1065,118.2,18.9,26.7,30.2,44.7,18.0,23.5,147750,11,51.6,52.0,14.0,35.6,16.1,14.9,1.6,7.4,16.0,8.3,4.8,8.1,8.4,83.5,78.5,15.4,6.1,46.4,39.5,11.2,2.5,0.3,0.7,0.0,86.2,13.8,270,25635
E01000086,Barking and Dagenham 013F,1431,379,285,313,310,144,908,102.1,18.5,23.8,25.6,38.4,11.8,4.2,160000,9,58.8,58.8,10.4,30.5,15.9,16.4,2.3,7.9,18.9,8.1,6.6,8.5,8.0,83.5,80.1,14.5,5.5,36.6,46.5,12.2,3.9,0.8,0.9,0.0,100.0,0.0,235,28962
E01000103,Barking and Dagenham 014A,1685,444,365,403,345,128,1113,24.0,24.0,22.8,30.8,36.2,18.2,32.1,167500,13,61.9,53.6,12.8,29.6,16.4,14.9,1.8,8.1,20.6,8.6,9.5,7.8,7.2,84.9,83.0,10.9,6.1,35.7,46.7,14.8,2.0,0.8,0.9,77.9,22.1,0.0,290,26253
E01000104,Barking and Dagenham 014B,1781,501,394,405,341,140,1140,80.9,20.8,38.0,27.7,57.5,11.1,70.1,134925,12,54.8,53.1,15.7,28.3,18.1,19.5,2.7,9.5,14.5,7.5,8.0,7.5,7.4,85.2,83.2,10.9,5.9,46.0,42.1,10.3,1.5,0.1,0.7,8.6,91.4,0.0,285,25434
E01000105,Barking and Dagenham 014C,2129,538,428,480,416,267,1324,96.4,20.1,36.0,24.8,58.0,11.6,50.5,154500,10,48.6,52.5,15.3,35.1,15.4,15.1,2.1,7.7,17.3,7.3,4.8,11.3,8.6,80.1,77.3,16.5,6.2,53.1,36.2,9.4,1.3,0.0,0.6,6.9,79.4,13.7,405,25391
E01000106,Barking and Dagenham 014D,1968,495,413,452,386,222,1251,89.7,18.7,42.9,26.1,47.1,22.7,70.7,105000,11,60.8,53.1,11.7,28.2,15.4,16.6,3.2,8.3,19.6,8.8,6.0,9.4,8.9,81.7,77.5,15.4,7.0,53.9,36.4,7.6,1.9,0.2,0.6,76.4,23.6,0.0,360,25333
E01000007,Barking and Dagenham 015A,1391,333,415,417,168,58,1000,69.6,12.1,41.3,54.6,40.7,36.3,86.9,212000,6,52.4,53.0,11.9,15.2,13.7,12.4,0.7,9.1,32.3,16.6,15.9,5.5,5.0,89.5,85.1,9.8,5.0,62.9,30.2,6.2,0.5,0.2,0.4,0.0,0.0,100.0,255,26229
E01000008,Barking and Dagenham 015B,1544,502,407,381,214,40,1002,79.1,22.8,24.8,52.2,66.6,15.2,91.0,140000,14,55.4,46.9,18.0,21.1,14.9,13.1,1.2,8.4,24.2,17.2,15.0,5.1,4.9,90.1,86.7,9.6,3.7,58.5,33.4,6.5,0.8,0.8,0.5,41.4,43.8,14.8,275,24204
E01000010,Barking and Dagenham 015C,2840,651,952,864,289,84,2105,80.7,12.7,23.4,64.2,26.1,49.2,86.1,151475,8,57.8,56.1,9.7,12.2,7.7,9.7,1.2,7.7,44.9,16.6,15.8,3.1,4.0,92.9,88.6,8.3,3.1,74.2,22.6,3.0,0.3,0.0,0.3,0.0,0.0,100.0,415,31630
E01000012,Barking and Dagenham 015D,1901,569,479,569,230,54,1278,136.8,20.9,23.6,57.5,22.1,47.0,69.9,170000,14,54.3,53.9,10.7,14.4,12.2,11.9,1.3,9.1,33.1,18.0,12.2,4.1,4.6,91.3,88.4,8.2,3.4,52.9,40.4,5.9,0.4,0.4,0.6,37.3,13.4,49.3,375,27705
E01000006,Barking and Dagenham 016A,1703,394,410,468,298,133,1176,116.2,9.9,17.9,51.3,3.3,32.8,25.6,240500,6,51.5,58.6,9.5,18.2,11.8,12.9,1.5,8.8,32.9,13.8,10.3,5.2,6.7,88.1,86.1,9.7,4.2,34.3,45.9,16.0,2.6,1.3,0.9,0.0,10.6,89.4,235,39141
E01000009,Barking and Dagenham 016B,1773,311,523,431,327,181,1281,138.6,10.0,29.9,58.6,20.5,38.1,49.8,226500,6,58.1,50.9,10.0,18.6,10.2,9.4,0.8,8.8,35.0,17.2,13.5,8.6,9.2,82.1,81.0,12.2,6.8,52.7,37.1,7.8,1.9,0.5,0.6,0.0,0.0,100.0,225,32464
E01000011,Barking and Dagenham 016C,1634,365,509,398,272,90,1179,178.2,11.2,15.3,57.0,7.7,37.9,26.6,214000,8,56.2,49.2,10.2,18.0,12.4,13.3,1.0,8.4,29.6,17.3,16.7,5.5,6.7,87.8,82.7,12.4,5.0,40.7,41.1,15.1,2.8,0.2,0.8,0.0,0.0,100.0,225,28129
E01000044,Barking and Dagenham 016D,1798,460,376,463,338,161,1177,105.4,13.4,24.2,46.1,11.4,27.5,13.4,183000,9,39.7,58.1,9.2,22.6,14.9,13.0,2.2,7.8,24.0,15.6,9.3,7.5,8.2,84.4,81.2,12.8,6.0,41.3,43.7,10.8,3.8,0.3,0.8,35.1,58.6,6.3,310,29978
E01000068,Barking and Dagenham 016E,1590,332,437,301,354,166,1092,46.8,10.6,18.2,38.9,2.4,20.1,12.1,260000,2,31.8,58.2,6.0,22.5,13.5,12.3,2.0,11.2,26.5,12.0,10.7,6.3,7.0,86.7,84.3,11.7,4.0,25.1,42.2,26.4,5.2,1.1,1.2,8.8,42.2,49.0,235,42559
E01000041,Barking and Dagenham 017A,1682,466,288,420,361,147,1069,110.2,18.0,24.5,27.2,36.2,12.9,6.4,160000,11,53.1,57.7,11.1,31.7,17.4,14.3,1.8,7.6,17.1,10.0,4.8,8.0,7.6,84.5,83.2,11.0,5.8,32.5,46.8,15.7,4.3,0.8,0.9,53.9,46.1,0.0,295,28845
E01000042,Barking and Dagenham 017B,1788,518,428,419,277,146,1124,77.3,22.4,31.5,32.9,54.5,17.1,48.4,153500,16,67.5,48.5,14.9,30.2,15.4,14.1,1.6,8.0,20.3,10.6,7.6,8.3,7.4,84.3,80.4,12.6,7.0,54.5,34.6,9.6,1.0,0.3,0.6,24.6,75.4,0.0,315,26121
E01000045,Barking and Dagenham 017C,1650,456,339,385,331,139,1055,55.3,23.3,22.4,30.8,38.9,20.3,18.2,139500,13,55.7,57.2,10.3,26.0,15.7,15.4,1.6,9.8,21.9,9.6,6.7,7.5,7.7,84.8,80.7,13.6,5.7,41.4,44.9,9.6,3.5,0.7,0.8,36.4,63.6,0.0,310,29517
E01000046,Barking and Dagenham 017D,1779,501,291,451,374,162,1116,114.4,21.6,22.2,24.2,35.2,13.8,11.9,158000,10,46.8,59.8,10.7,30.0,17.7,14.1,2.0,11.3,16.6,8.3,5.2,7.6,8.7,83.7,80.7,13.6,5.7,38.5,41.9,15.9,3.1,0.6,0.9,47.3,52.7,0.0,310,28014
E01000072,Barking and Dagenham 017E,1991,550,445,426,350,220,1221,38.3,22.3,30.9,27.2,44.8,20.3,34.0,172750,14,60.7,50.9,11.9,32.3,16.8,14.8,3.1,8.7,16.3,8.0,7.4,10.4,8.8,80.8,79.7,13.7,6.7,45.0,41.3,12.1,1.3,0.3,0.7,100.0,0.0,0.0,365,25250
E01000054,Barking and Dagenham 018A,1718,453,288,412,366,199,1066,100.4,18.2,23.4,23.3,37.0,13.2,7.3,159500,10,53.1,58.3,10.3,33.6,14.3,18.5,1.7,7.7,16.6,7.5,4.9,8.6,8.3,83.1,79.7,13.7,6.6,32.9,47.5,17.4,1.9,0.3,0.9,24.6,75.4,0.0,300,28868
E01000055,Barking and Dagenham 018B,1553,392,310,364,348,139,1022,106.4,18.9,23.0,26.3,33.9,13.0,5.7,152000,10,62.0,58.8,11.0,27.6,17.5,16.4,2.3,8.6,18.4,9.1,6.0,7.3,8.8,84.0,81.1,13.3,5.5,33.9,47.1,14.3,3.6,1.1,0.9,16.9,83.1,0.0,275,29174
E01000056,Barking and Dagenham 018C,1584,448,293,397,286,160,976,65.0,24.4,23.2,22.7,42.2,15.7,17.3,155000,12,52.4,54.5,11.7,32.2,15.1,16.6,2.0,8.8,16.5,8.6,6.8,10.2,8.3,81.6,79.9,14.2,5.9,34.6,47.1,15.7,1.9,0.7,0.9,98.9,1.1,0.0,290,27991
E01000058,Barking and Dagenham 018D,1849,487,367,471,372,152,1210,101.5,19.0,27.2,33.4,33.3,16.7,15.6,168000,11,56.4,59.3,8.9,27.0,15.3,15.4,2.1,8.9,21.4,9.8,6.7,7.2,8.3,84.4,82.5,11.7,5.8,36.8,48.8,11.9,2.3,0.1,0.8,17.9,82.1,0.0,330,28987
E01000095,Barking and Dagenham 018E,1572,462,295,430,272,113,997,6.9,18.8,22.4,33.0,26.8,20.0,9.2,159750,9,45.6,60.8,10.1,23.2,16.6,13.2,1.6,8.6,26.8,9.9,6.2,6.7,5.9,87.4,86.0,9.6,4.4,30.4,47.5,18.4,3.3,0.4,1.0,100.0,0.0,0.0,335,35193
E01000040,Barking and Dagenham 019A,1569,376,309,372,337,175,1018,91.9,20.2,29.4,29.4,49.5,14.8,34.8,173000,11,48.5,54.4,10.7,30.9,14.8,14.3,2.2,7.9,20.4,9.6,7.5,9.2,9.4,81.5,76.4,15.9,7.8,47.3,39.5,11.1,1.6,0.5,0.7,9.5,90.5,0.0,270,27636
E01000043,Barking and Dagenham 019B,1358,352,254,318,256,178,828,51.0,15.2,25.4,34.6,33.6,13.7,12.8,225000,8,43.2,53.7,11.1,31.8,14.0,12.1,1.8,10.0,19.2,11.0,7.9,9.5,8.7,81.8,79.0,13.6,7.4,36.7,43.8,15.4,3.9,0.2,0.9,47.3,52.7,0.0,205,28391
E01000050,Barking and Dagenham 019C,1661,446,362,371,291,191,1024,120.6,18.2,31.2,46.9,38.9,19.7,38.1,188500,10,49.4,48.0,11.8,28.0,10.0,11.6,1.7,9.1,26.3,13.3,11.7,10.2,7.7,82.1,78.5,14.0,7.5,47.6,42.9,8.1,1.1,0.2,0.6,0.0,58.6,41.4,260,27238
E01000052,Barking and Dagenham 019D,2014,528,396,511,379,200,1286,100.9,19.5,29.6,43.1,27.3,21.6,17.3,149500,9,49.5,57.3,8.7,25.6,13.1,11.6,1.6,9.9,24.6,13.5,9.9,8.1,8.0,83.9,80.0,13.4,6.6,43.7,45.4,9.5,1.2,0.3,0.7,9.0,91.0,0.0,360,27835
E01000092,Barking and Dagenham 019E,2674,749,561,674,454,236,1689,10.1,18.8,26.3,40.9,34.8,19.3,30.9,175000,10,55.8,56.4,13.5,22.8,12.7,14.9,1.9,8.9,27.1,11.8,7.8,8.1,7.0,85.0,82.5,11.8,5.7,40.3,44.2,13.0,2.2,0.3,0.8,55.8,44.2,0.0,625,31867
E01000053,Barking and Dagenham 020A,1485,366,280,366,314,159,960,82.1,16.3,37.4,31.9,37.1,25.0,37.4,112000,9,60.0,57.9,11.4,28.8,17.7,13.4,1.8,7.5,20.6,10.2,6.1,11.8,9.2,79.0,77.3,14.3,8.4,45.7,41.7,10.2,1.7,0.6,0.7,59.7,40.3,0.0,265,27119
E01000087,Barking and Dagenham 020B,1341,340,257,307,310,127,874,36.0,20.3,26.2,27.7,32.6,19.9,20.5,160000,11,48.7,57.4,9.9,30.5,16.3,18.8,2.1,7.3,17.4,7.7,6.7,10.0,8.1,82.0,79.3,13.8,6.9,38.8,42.3,15.7,3.0,0.2,0.8,41.9,58.1,0.0,230,27487
E01000088,Barking and Dagenham 020C,1828,461,349,413,360,245,1122,80.7,17.8,26.3,36.9,11.6,27.0,20.3,159000,9,48.9,57.9,8.9,30.6,12.8,15.1,2.3,8.4,21.9,8.8,7.2,10.2,7.1,82.8,80.6,14.2,5.2,35.6,47.5,13.6,2.8,0.5,0.9,59.0,41.0,0.0,305,32049
E01000089,Barking and Dagenham 020D,1666,452,344,329,397,144,1070,114.5,24.0,21.6,31.9,7.8,22.4,8.7,150000,12,50.0,60.0,9.0,25.4,17.4,16.4,2.2,10.8,21.1,6.8,7.7,7.5,7.1,85.4,84.4,11.5,4.1,33.0,44.6,17.6,3.9,0.8,0.9,68.7,31.3,0.0,305,29207
E01000090,Barking and Dagenham 020E,1584,456,294,347,347,140,988,8.1,21.1,20.0,36.9,7.3,26.6,12.0,150000,9,47.1,58.6,9.0,25.3,15.2,14.4,2.0,10.1,23.0,10.0,8.2,6.6,6.4,87.1,84.5,11.0,4.5,33.9,46.8,14.8,4.2,0.4,0.9,39.4,60.6,0.0,295,31268
E01000048,Barking and Dagenham 021B,1783,654,355,460,242,72,1057,275.6,26.4,29.8,51.0,81.5,10.6,94.1,129000,19,59.9,44.2,18.7,28.5,14.3,14.8,1.3,7.4,19.5,14.2,11.3,6.2,6.3,87.4,84.5,9.1,6.3,60.2,34.2,5.3,0.2,0.2,0.5,41.9,58.1,0.0,355,20719
E01000049,Barking and Dagenham 021C,1820,649,331,468,252,120,1051,85.8,25.5,26.0,44.7,66.7,9.6,71.6,135000,18,65.7,47.0,17.1,29.2,12.4,13.8,1.0,10.7,20.7,12.2,11.4,6.4,7.4,86.3,83.0,11.8,5.2,54.0,40.0,5.1,0.8,0.2,0.5,37.8,62.2,0.0,355,23697
E01000051,Barking and Dagenham 021D,1927,657,412,522,287,49,1221,288.9,25.5,32.4,51.9,76.1,8.4,96.0,137000,21,67.3,42.1,17.9,26.5,12.9,14.8,1.2,9.2,22.9,12.5,12.8,6.4,7.6,86.0,82.0,12.3,5.7,60.7,35.0,3.7,0.4,0.1,0.4,0.0,56.8,43.2,275,20461
E01033587,Barking and Dagenham 021E,1630,471,399,522,193,45,1114,61.3,21.6,26.9,49.8,39.0,34.5,96.5,135000,13,50.4,59.7,12.4,17.2,12.3,10.5,0.9,9.5,34.0,15.6,7.3,6.1,4.9,89.0,85.5,9.9,4.7,57.7,36.0,5.2,1.0,0.2,0.5,26.0,74.0,0.0,300,26815
E01033588,Barking and Dagenham 021F,1617,517,318,500,203,79,1021,115.9,25.6,25.1,50.9,50.0,24.9,96.0,156000,13,49.6,56.8,12.2,23.2,11.5,11.1,0.8,9.3,28.5,15.5,7.2,6.1,6.2,87.7,85.3,10.0,4.7,54.2,40.5,4.7,0.6,0.0,0.5,50.8,45.7,3.6,360,26508
E01000091,Barking and Dagenham 022A,1714,546,334,376,300,158,1010,69.6,22.3,30.8,33.5,55.3,14.7,49.8,171250,15,61.9,51.3,13.3,32.0,15.7,13.7,2.5,8.1,17.6,10.4,8.8,7.4,9.9,82.7,79.3,14.4,6.3,48.3,40.1,7.1,3.5,0.9,0.7,91.9,8.1,0.0,295,23715
E01000093,Barking and Dagenham 022B,1547,432,357,377,273,108,1007,52.7,19.2,38.3,33.0,57.6,15.0,63.2,178500,12,54.5,51.2,13.8,27.4,16.2,14.3,2.2,10.0,19.0,10.8,8.3,9.2,9.9,80.9,77.2,14.5,8.3,53.7,37.9,6.9,1.4,0.2,0.6,85.5,14.5,0.0,290,24370
E01000094,Barking and Dagenham 022C,1326,400,267,470,164,25,901,22.0,20.7,27.9,44.1,24.8,27.1,57.7,160000,13,53.6,63.6,9.9,12.7,11.8,14.0,2.1,10.4,37.4,11.7,10.2,3.8,3.5,92.8,90.0,6.6,3.4,37.1,49.7,12.4,0.2,0.6,0.8,87.6,12.4,0.0,255,33214
E01000096,Barking and Dagenham 022D,1895,659,422,436,280,98,1138,31.5,30.4,22.8,37.0,66.2,10.5,65.2,165000,20,65.2,48.0,15.4,25.0,19.1,16.7,1.7,8.1,19.8,9.6,11.1,6.1,7.5,86.4,82.6,12.5,5.0,51.3,41.3,6.4,0.8,0.2,0.6,90.5,9.5,0.0,245,23269
E01000019,Barking and Dagenham 023A,1407,377,267,301,325,137,893,76.5,23.6,22.4,29.9,25.0,18.1,7.0,170000,11,54.2,54.3,13.4,28.7,15.3,16.5,2.1,8.1,20.1,9.1,6.3,8.0,9.4,82.7,79.5,13.8,6.8,37.5,40.9,17.9,2.6,1.2,0.9,39.8,60.2,0.0,240,28659
E01000020,Barking and Dagenham 023B,1834,477,323,471,342,221,1136,98.0,16.9,29.4,25.7,31.8,14.5,17.0,155000,9,48.9,55.1,11.4,29.6,14.7,14.8,2.7,9.6,20.6,8.0,7.4,10.0,8.8,81.2,79.5,11.9,8.6,33.5,46.8,14.9,3.5,1.2,0.9,3.6,96.4,0.0,340,28850
E01000097,Barking and Dagenham 023C,1683,411,274,387,307,304,968,93.9,15.7,36.0,22.6,45.3,13.7,16.7,196500,8,48.9,57.6,9.2,36.7,15.6,13.3,1.7,7.9,18.0,6.8,4.6,12.6,9.0,78.4,76.5,14.1,9.4,43.5,41.5,12.4,2.1,0.4,0.7,0.0,92.4,7.6,280,28026
E01000098,Barking and Dagenham 023D,1746,470,342,408,364,162,1114,99.5,22.7,23.5,27.4,35.4,20.2,20.5,207000,12,45.3,54.1,13.6,30.5,16.5,15.9,1.6,8.8,17.3,9.4,7.1,8.6,9.1,82.2,79.4,13.6,7.0,35.0,45.8,15.5,3.0,0.6,0.9,0.0,100.0,0.0,315,27315
E01000099,Barking and Dagenham 023E,1732,449,334,408,352,189,1094,55.9,19.1,24.6,20.9,33.2,13.7,7.5,205000,10,49.4,59.0,11.0,30.9,17.1,13.6,2.4,9.6,18.2,8.2,4.9,9.4,7.6,83.1,79.3,14.2,6.5,34.5,44.6,16.5,3.5,0.9,0.9,1.8,98.2,0.0,380,29852
E01032580,Barking and Dagenham 023F,1354,362,332,327,237,96,896,105.9,22.7,22.1,38.9,30.6,31.6,20.5,176500,13,55.7,51.4,10.6,21.8,14.6,14.0,1.8,10.1,22.3,15.4,11.4,6.6,8.3,85.0,83.5,11.6,4.9,34.0,45.0,16.8,3.4,0.8,0.9,0.0,100.0,0.0,245,27638